{
  "barcode_source": "predicted_mixture_1-Pentanol_Diethyl_ether",
  "timestamp": "1_4.tsv",
  "n_peaks": 17,
  "peaks": [
    368,
    404,
    438,
    510,
    774,
    840,
    860,
    890,
    984,
    1014,
    1062,
    1078,
    1120,
    1204,
    1238,
    1304,
    1446
  ],
  "widths": [
    12.536992488611624,
    16.060264461269988,
    16.75652422101679,
    37.19417176879776,
    25.16023415895728,
    40.131413647293925,
    4.435140890953392,
    10.423104769312545,
    12.378534517201388,
    26.58572660070695,
    39.257545467041496,
    7.699749846328814,
    16.943178849626975,
    19.7984968794284,
    15.663692989474043,
    22.08877528511482,
    45.58886473279631
  ],
  "image_meta": {
    "wn_min": 400,
    "wn_max": 1750.0,
    "quiet_zone_data": 44.351408909533916,
    "dpi": 300,
    "pixel_per_unit": 0.450943960783639,
    "image_width_pixels": 1600,
    "image_height_pixels": 450,
    "x_dim": 4.435140890953392,
    "min_gap_data_unit": 0.5,
    "n_bars": 16,
    "saved": true,
    "path": "C:\\Users\\Muthu Manoj L\\Documents\\DeepSpectrum\\IIT-PRG\\Data\\sampleFolders\\1-Pentanol\\predicted_mixture_1-Pentanol_Diethyl_ether_barcode.png"
  },
  "description": "Barcode generated from single spectrum"
}