{
  "barcode_source": "predicted_pure_1-Pentanol",
  "timestamp": "1_1.tsv",
  "n_peaks": 19,
  "peaks": [
    368,
    402,
    438,
    508,
    774,
    840,
    858,
    890,
    984,
    1010,
    1060,
    1078,
    1118,
    1202,
    1236,
    1302,
    1346,
    1370,
    1446
  ],
  "widths": [
    12.311800657052334,
    13.495369662421773,
    21.543491337317732,
    34.655167624922655,
    24.120024959650607,
    39.217766390545535,
    5.1005730803311735,
    10.688347384177973,
    11.882604883631643,
    25.854572276057752,
    7.236967558283254,
    39.180677389159996,
    16.94408745320527,
    22.845035063541218,
    15.322903505415866,
    22.907451407081453,
    6.986351232180709,
    17.22080936902728,
    46.05712305867701
  ],
  "image_meta": {
    "wn_min": 400,
    "wn_max": 1750.0,
    "quiet_zone_data": 51.005730803311735,
    "dpi": 300,
    "pixel_per_unit": 0.39211280154232053,
    "image_width_pixels": 1600,
    "image_height_pixels": 450,
    "x_dim": 5.1005730803311735,
    "min_gap_data_unit": 0.5,
    "n_bars": 18,
    "saved": true,
    "path": "C:\\Users\\Muthu Manoj L\\Documents\\DeepSpectrum\\IIT-PRG\\Data\\sampleFolders\\1-Pentanol\\predicted_pure_1-Pentanol_barcode.png"
  },
  "description": "Barcode generated from single spectrum"
}